{"cameraMode":{"drawMode":0,"name":"Shaded","section":"Shading Mode"},"sceneLighting":true,"audioPlay":false,"sceneViewState":{"showFog":true,"showMaterialUpdate":false,"showSkybox":true,"showFlares":true,"showImageEffects":true,"showParticleSystems":true},"in2DMode":false,"pivot":{"x":4.516875743865967,"y":3.7190890312194826,"z":3.517627239227295},"rotation":{"x":0.21481002867221833,"y":0.14586077630519868,"z":-0.03265577182173729,"w":0.9652283191680908},"size":14.777697563171387,"orthographic":false}