{"cameraMode":{"drawMode":0,"name":"Shaded","section":"Shading Mode"},"sceneLighting":true,"audioPlay":false,"sceneViewState":{"showFog":true,"showMaterialUpdate":false,"showSkybox":true,"showFlares":true,"showImageEffects":true,"showParticleSystems":true},"in2DMode":false,"pivot":{"x":1.2219581604003907,"y":0.5403007864952087,"z":0.9259990453720093},"rotation":{"x":-0.026140283793210985,"y":0.5571755766868591,"z":0.01756812259554863,"w":0.8298282623291016},"size":3.4135923385620119,"orthographic":false}