{"cameraMode":{"drawMode":0,"name":"Shaded","section":"Shading Mode"},"sceneLighting":false,"audioPlay":false,"sceneViewState":{"showFog":true,"showMaterialUpdate":false,"showSkybox":false,"showFlares":true,"showImageEffects":true,"showParticleSystems":true},"in2DMode":false,"pivot":{"x":-0.16994696855545045,"y":-0.07201655954122544,"z":-0.09491151571273804},"rotation":{"x":0.07690948992967606,"y":-0.2624189555644989,"z":0.021010255441069604,"w":0.961700439453125},"size":0.8059788942337036,"orthographic":false}